title,company,location,link
"Backend Software Engineer (Python, ETL, Serverless)",Finsera,No office location,https://stackoverflow.com/jobs/524065
Python Architect - REMOTE WORK,BairesDev LLC,No office location,https://stackoverflow.com/jobs/514657
Backend Engineer (Python/ Django),Sector Labs,"Dubai, United Arab Emirates",https://stackoverflow.com/jobs/518496
Senior Python Developer / Lead Python Developer,Mashtraxx,No office location,https://stackoverflow.com/jobs/526119
Python Web Developer,RavenPack International SL.,"Marbella, Spain",https://stackoverflow.com/jobs/470988
Senior Python Software Engineer - Search,Cookpad Limited,"Bristol, UK",https://stackoverflow.com/jobs/472388
Software Engineer - Python,Hearst Magazines,"New York, NY",https://stackoverflow.com/jobs/485603
Python Engineer,Overloop,No office location,https://stackoverflow.com/jobs/527519
Software Engineer Python (m/f/d),PAYBACK,"München, Deutschland",https://stackoverflow.com/jobs/526345
Lead Software Engineer - Python - ASOS AI,ASOS,"London, UK",https://stackoverflow.com/jobs/455785
Python developer for VoIP service provider,TelSmart,"Zagreb, Croatia",https://stackoverflow.com/jobs/435753
Python Software Engineer,Captivation Software,"Fort Meade, MD",https://stackoverflow.com/jobs/525426
Sr. Python Software Engineer,Global Reach Consulting LLC,"Reston, VA",https://stackoverflow.com/jobs/417839
Senior Python Developer Remote (f/m/d),Ambient Innovation: GmbH,No office location,https://stackoverflow.com/jobs/493874
Full Stack Engineer - Javascript/Python,Zumper,"Providence, RI",https://stackoverflow.com/jobs/446582
Desenvolvimento Python,Ambev Tech,No office location,https://stackoverflow.com/jobs/526239
Product Manager - Python Ecosystem,SonarSource,"Geneva, Switzerland",https://stackoverflow.com/jobs/524200
Full-Stack Engineer (Python OR Javascript),Neo4j,"Malmö, Sweden",https://stackoverflow.com/jobs/362199
QA Engineer (Python/Java),Flow Traders,"Amsterdam, Netherlands",https://stackoverflow.com/jobs/421752
Python Developer,Octopus Energy,"London, UK",https://stackoverflow.com/jobs/468269
Backend Python Engineer,SQUAD,"Kyiv, Ukraine",https://stackoverflow.com/jobs/518175
"Awesome Full-Stack Software Engineer - Java, Python, JavaScript (Fully Cleared)",Erias Ventures,"Annapolis Junction, MD",https://stackoverflow.com/jobs/432032
Python Software Engineer - International growing scale-up!,Channable,"Utrecht, Netherlands",https://stackoverflow.com/jobs/458136
Python/Django Developer (f/m/d),TeleClinic GmbH,"München, Deutschland",https://stackoverflow.com/jobs/514324
Senior Backend Engineer - Python - México,Cornershop by Uber,No office location,https://stackoverflow.com/jobs/526139
